epoch,time,train/box_loss,train/seg_loss,train/cls_loss,train/l1_loss,train/sem_loss,metrics/precision(B),metrics/recall(B),metrics/mAP50(B),metrics/mAP50-95(B),metrics/precision(M),metrics/recall(M),metrics/mAP50(M),metrics/mAP50-95(M),val/box_loss,val/seg_loss,val/cls_loss,val/l1_loss,val/sem_loss,lr/pg0,lr/pg1,lr/pg2
1,6.54733,2.06622,8.07681,7.18763,0.07788,10.6424,0.6677,0.56521,0.7225,0.39228,0.6677,0.56521,0.7225,0.28136,0.88861,1.83497,8.51384,0.03728,0,0.000619048,0.000619048,0.000619048
2,12.1487,1.99371,8.39892,6.87635,0.07614,10.8764,0.46058,0.40625,0.36273,0.23397,0.42515,0.375,0.3309,0.19629,0.74026,1.37488,7.62641,0.03029,0,0.0012854,0.0012854,0.0012854
3,17.5454,1.86432,5.17149,4.61409,0.06814,8.85933,0.00323,0.9375,0.12653,0.03203,0.00129,0.375,0.02078,0.00426,2.63527,9.24922,6.99552,0.11615,0,0.00195047,0.00195047,0.00195047
4,22.7988,1.85131,3.17384,3.3603,0.06348,4.36591,0,0,0,0,0,0,0,0,0.39011,2289.32,39.2704,0.02062,0,0.00199561,0.00199561,0.00199561
5,28.4898,1.93127,2.56992,3.11599,0.06763,1.71375,0,0,0,0,0,0,0,0,2.87998,935.419,7.05415,0.12505,0,0.00199219,0.00199219,0.00199219
6,36.2221,1.98025,2.20573,2.95115,0.07674,2.13148,0.00454,0.1875,0.00107,0.00012,0.00076,0.03125,4e-05,0,nan,nan,nan,nan,0,0.00198781,0.00198781,0.00198781
7,43.869,1.70678,2.09235,2.64579,0.06236,1.53421,0,0,0,0,0,0,0,0,nan,nan,nan,nan,0,0.00198246,0.00198246,0.00198246
8,51.842,1.74167,2.10233,2.61555,0.06175,1.32279,0,0,0,0,0,0,0,0,nan,nan,nan,nan,0,0.00197616,0.00197616,0.00197616
9,61.4015,1.71896,1.75495,2.4107,0.05978,1.00522,0,0,0,0,0,0,0,0,6.5671,612.047,5.71016,0.43598,0,0.0019689,0.0019689,0.0019689
10,70.7249,1.47135,1.48522,2.35519,0.05545,1.10057,0,0,0,0,0,0,0,0,4.83562,356.925,5.3447,0.22486,0,0.00196069,0.00196069,0.00196069
11,77.4529,1.55777,1.51416,2.36999,0.05236,0.91506,0,0,0,0,0,0,0,0,3.31515,150,5.54268,0.16973,0,0.00195155,0.00195155,0.00195155
12,82.8636,1.33982,1.16265,1.98404,0.04645,0.67865,0,0,0,0,0,0,0,0,4.66941,554.4,6.6226,0.27172,0,0.00194147,0.00194147,0.00194147
13,88.2172,1.49666,1.27697,1.87263,0.05219,0.62462,0.04563,0.375,0.03197,0.00881,0,0,0,0,3.99531,33.2107,4.23666,0.23947,0,0.00193048,0.00193048,0.00193048
14,93.7057,1.54373,0.96756,1.58724,0.05582,0.59301,0.49005,0.15625,0.27254,0.08107,0.00088,0.03125,0.0025,0.00025,2.56639,46.6345,3.55154,0.13468,0,0.00191858,0.00191858,0.00191858
15,99.0848,1.56084,1.09013,1.42745,0.05809,0.54382,0.82782,0.9375,0.90526,0.41302,0.78706,0.92423,0.87139,0.2267,1.42667,8.30253,1.1933,0.05937,0,0.00190578,0.00190578,0.00190578
16,104.401,1.61974,1.22518,1.418,0.05782,0.7057,0.9196,0.96875,0.96406,0.4189,0.93625,0.91806,0.93313,0.4347,1.87416,4.00423,1.94977,0.0844,0,0.0018921,0.0018921,0.0018921
17,109.833,1.50375,0.96918,1.21067,0.0518,0.5471,0.91093,0.95898,0.95848,0.57775,0.93566,0.90898,0.95696,0.66675,1.51578,2.80034,0.79683,0.06648,0,0.00187754,0.00187754,0.00187754
18,115.497,1.40333,0.8896,1.04756,0.04678,0.46159,0.97148,0.9375,0.96406,0.66678,0.97148,0.9375,0.96406,0.76373,1.2464,1.94221,0.93074,0.05324,0,0.00186213,0.00186213,0.00186213
19,120.964,1.46766,0.91407,0.98013,0.04923,0.42817,0.94001,0.96875,0.96313,0.57193,0.94001,0.96875,0.96313,0.89971,1.77441,0.8866,0.6969,0.08073,0,0.00184588,0.00184588,0.00184588
20,126.411,1.43323,0.95786,1.00978,0.04633,0.52428,0.98721,0.96875,0.965,0.38145,0.98721,0.96875,0.965,0.77977,2.5166,0.87853,1.09779,0.12597,0,0.00182881,0.00182881,0.00182881
21,132.161,1.41539,0.95036,0.98991,0.04592,0.40853,0.99305,0.96875,0.965,0.56745,0.99305,0.96875,0.965,0.83171,1.09909,1.43115,0.76532,0.0458,0,0.00181093,0.00181093,0.00181093
22,137.61,1.47416,0.91534,0.92869,0.05013,0.45632,0.99732,0.96875,0.965,0.62246,0.99732,0.96875,0.965,0.84679,1.3617,1.24368,0.59789,0.057,0,0.00179225,0.00179225,0.00179225
23,143.178,1.3654,0.84052,0.94364,0.04542,0.345,0.99579,0.96875,0.965,0.61588,0.99579,0.96875,0.965,0.82667,1.15264,1.29483,0.44232,0.04754,0,0.00177281,0.00177281,0.00177281
24,148.953,1.30397,0.80019,0.76641,0.04318,0.32455,0.99286,0.96875,0.965,0.66333,0.99286,0.96875,0.965,0.9055,1.0365,0.75292,0.43909,0.04279,0,0.00175261,0.00175261,0.00175261
25,154.595,1.44055,0.66152,0.84329,0.04904,0.39221,0.99546,0.96875,0.965,0.62387,0.99546,0.96875,0.965,0.85678,1.42441,0.55443,0.48085,0.06183,0,0.00173168,0.00173168,0.00173168
26,160.151,1.25078,0.83322,0.75219,0.04112,0.34797,0.99702,0.96875,0.965,0.7072,0.99702,0.96875,0.965,0.92199,1.19791,0.47354,0.3754,0.05008,0,0.00171004,0.00171004,0.00171004
27,166.161,1.27543,0.67059,0.71478,0.04138,0.26502,0.99747,0.96875,0.965,0.7417,0.99747,0.96875,0.965,0.93673,1.69674,0.32207,0.57671,0.07473,0,0.0016877,0.0016877,0.0016877
28,172.142,1.18487,0.64113,0.68042,0.03649,0.28776,0.99639,0.96875,0.965,0.81453,0.99639,0.96875,0.965,0.92436,0.72781,0.5725,0.38543,0.02879,0,0.0016647,0.0016647,0.0016647
29,178.708,1.17091,0.63042,0.65773,0.03894,0.26454,0.9979,0.96875,0.965,0.7887,0.9979,0.96875,0.965,0.90519,0.81234,0.45367,0.26732,0.0323,0,0.00164105,0.00164105,0.00164105
30,185.377,1.31574,0.52817,0.73364,0.0423,0.18889,0.97287,0.96875,0.965,0.71809,0.97287,0.96875,0.965,0.90872,0.9251,0.46219,0.3518,0.03758,0,0.00161678,0.00161678,0.00161678
31,192.065,1.24832,0.62669,0.68335,0.03969,0.23097,0.99767,0.96875,0.965,0.58877,0.99767,0.96875,0.965,0.93965,2.10073,0.48515,0.60651,0.09952,0,0.00159191,0.00159191,0.00159191
32,198.786,1.207,0.50816,0.64896,0.03875,0.33898,0.99749,0.96875,0.965,0.63472,0.99749,0.96875,0.965,0.84219,1.54726,0.91327,0.60827,0.06961,0,0.00156646,0.00156646,0.00156646
33,205.491,1.23758,0.50059,0.71968,0.0375,0.29168,0.99564,0.96875,0.965,0.56571,0.99564,0.96875,0.965,0.84733,1.73833,1.1087,0.63164,0.07828,0,0.00154047,0.00154047,0.00154047
34,212.163,1.09753,0.53997,0.69792,0.03478,0.26827,0.9979,0.96875,0.965,0.69149,0.9979,0.96875,0.965,0.90677,1.18259,0.60194,0.48744,0.0507,0,0.00151395,0.00151395,0.00151395
35,218.871,1.09383,0.47316,0.57104,0.03553,0.19483,0.99786,0.96875,0.965,0.61498,0.99786,0.96875,0.965,0.94134,1.74921,0.44468,0.56484,0.07819,0,0.00148694,0.00148694,0.00148694
36,225.606,1.07457,0.35193,0.47444,0.03472,0.17163,0.99794,0.96875,0.965,0.67202,0.99794,0.96875,0.965,0.92173,1.48845,0.65778,0.42177,0.06524,0,0.00145945,0.00145945,0.00145945
37,232.441,0.99405,0.3249,0.57274,0.03095,0.17417,0.99797,0.96875,0.965,0.62921,0.99797,0.96875,0.965,0.81782,1.38703,0.60639,0.49399,0.05919,0,0.00143152,0.00143152,0.00143152
38,239.186,1.00422,0.41454,0.48173,0.03011,0.15897,0.99801,0.96875,0.965,0.74916,0.99801,0.96875,0.965,0.87878,1.11732,0.55178,0.43895,0.04545,0,0.00140318,0.00140318,0.00140318
39,245.872,1.11392,0.40961,0.51425,0.03441,0.18132,0.99803,0.96875,0.965,0.82294,0.99803,0.96875,0.965,0.91803,0.88208,0.62833,0.47505,0.03477,0,0.00137444,0.00137444,0.00137444
40,252.821,1.10268,0.36929,0.50523,0.03529,0.1878,0.99796,0.96875,0.965,0.67288,0.99796,0.96875,0.965,0.91443,1.30921,0.70242,0.42743,0.05687,0,0.00134535,0.00134535,0.00134535
41,259.746,1.07182,0.37525,0.48343,0.0343,0.15081,0.99773,0.96875,0.965,0.77768,0.99773,0.96875,0.965,0.91445,1.31889,0.82684,0.39962,0.05713,0,0.00131593,0.00131593,0.00131593
42,266.599,1.03356,0.41153,0.45412,0.03162,0.19262,0.99765,0.96875,0.965,0.69253,0.99765,0.96875,0.965,0.89684,1.55037,0.78544,0.41092,0.06864,0,0.0012862,0.0012862,0.0012862
43,273.11,0.87013,0.31776,0.37288,0.02764,0.14288,0.99793,0.96875,0.965,0.71136,0.99793,0.96875,0.965,0.89108,1.01355,1.0608,0.37204,0.04189,0,0.0012562,0.0012562,0.0012562
44,279.77,0.90488,0.46453,0.47857,0.0266,0.17437,0.99819,0.96875,0.965,0.69471,0.99819,0.96875,0.965,0.88233,0.96555,1.2153,0.31339,0.03955,0,0.00122596,0.00122596,0.00122596
45,286.38,1.02524,0.35265,0.51281,0.032,0.16531,0.99817,0.96875,0.965,0.70923,0.99817,0.96875,0.965,0.88483,0.96832,0.88264,0.33881,0.04014,0,0.00119551,0.00119551,0.00119551
46,292.956,1.05434,0.41201,0.47852,0.03083,0.17705,0.99811,0.96875,0.965,0.7612,0.99811,0.96875,0.965,0.91004,0.92147,0.60604,0.30173,0.03802,0,0.00116487,0.00116487,0.00116487
47,299.54,0.94413,0.35937,0.46098,0.02753,0.14869,0.99803,0.96875,0.965,0.7875,0.99803,0.96875,0.965,0.9322,0.82267,0.46547,0.26,0.03355,0,0.00113408,0.00113408,0.00113408
48,306.161,0.88259,0.34886,0.42112,0.02552,0.15175,0.99807,0.96875,0.965,0.76432,0.99807,0.96875,0.965,0.92862,0.76557,0.51375,0.25379,0.03077,0,0.00110317,0.00110317,0.00110317
49,312.828,0.86625,0.37195,0.37816,0.02627,0.14691,0.99809,0.96875,0.965,0.77199,0.99809,0.96875,0.965,0.88789,0.73782,0.67343,0.21785,0.02953,0,0.00107216,0.00107216,0.00107216
50,321.612,0.85811,0.40133,0.42139,0.02479,0.17397,0.99806,0.96875,0.965,0.77532,0.99806,0.96875,0.965,0.87777,0.79493,0.69887,0.28558,0.03197,0,0.0010411,0.0010411,0.0010411
51,329.992,0.81676,0.32235,0.38513,0.02493,0.12384,0.99801,0.96875,0.965,0.75152,0.99801,0.96875,0.965,0.90447,1.07287,0.68685,0.42107,0.04558,0,0.00101,0.00101,0.00101
52,338.817,0.79722,0.3311,0.42318,0.02339,0.11539,0.99807,0.96875,0.965,0.71329,0.99807,0.96875,0.965,0.90039,1.09515,0.64771,0.33894,0.04706,0,0.000978903,0.000978903,0.000978903
53,347.931,0.83406,0.39355,0.4068,0.02385,0.1248,0.9981,0.96875,0.965,0.77138,0.9981,0.96875,0.965,0.90144,0.71941,0.67635,0.27653,0.02878,0,0.000947837,0.000947837,0.000947837
54,357.393,0.86959,0.26017,0.38234,0.0259,0.10118,0.99809,0.96875,0.965,0.77261,0.99809,0.96875,0.965,0.90178,0.77921,0.73015,0.286,0.03141,0,0.000916833,0.000916833,0.000916833
55,362.833,0.87815,0.37897,0.43046,0.02527,0.13494,0.99804,0.96875,0.965,0.75385,0.99804,0.96875,0.965,0.90101,1.00811,0.72817,0.35121,0.04222,0,0.00088592,0.00088592,0.00088592
56,368.261,0.81268,0.3384,0.33561,0.02353,0.12135,0.99798,0.96875,0.965,0.67562,0.99798,0.96875,0.965,0.8996,1.26164,0.6899,0.34869,0.05347,0,0.00085513,0.00085513,0.00085513
57,373.713,0.81058,0.28373,0.37145,0.02548,0.12566,0.99793,0.96875,0.965,0.75229,0.99793,0.96875,0.965,0.90241,0.9505,0.64629,0.32737,0.03902,0,0.000824492,0.000824492,0.000824492
58,379.309,0.79925,0.30467,0.40885,0.02385,0.12673,0.99795,0.96875,0.965,0.74458,0.99795,0.96875,0.965,0.90264,1.05503,0.59368,0.33664,0.04355,0,0.000794038,0.000794038,0.000794038
59,384.836,0.85717,0.27748,0.37498,0.02599,0.12796,0.99804,0.96875,0.965,0.79228,0.99804,0.96875,0.965,0.90096,0.9116,0.56741,0.30863,0.03708,0,0.000763797,0.000763797,0.000763797
