epoch,time,train/box_loss,train/cls_loss,train/l1_loss,metrics/precision(B),metrics/recall(B),metrics/mAP50(B),metrics/mAP50-95(B),val/box_loss,val/cls_loss,val/l1_loss,lr/pg0,lr/pg1,lr/pg2
1,75.7366,2.12477,5.77219,0.02134,0.03822,0.29008,0.0591,0.03071,1.58394,5.23404,0.01283,0.000207511,0.000207511,0.000207511
2,143.471,1.3617,4.19918,0.01173,0.0606,0.67603,0.11935,0.07231,1.49399,5.15325,0.01631,0.000425589,0.000425589,0.000425589
3,211.538,1.21108,3.48666,0.01077,0.39262,0.19651,0.24069,0.14674,1.31115,4.17357,0.01255,0.000639265,0.000639265,0.000639265
4,277.833,1.24396,2.92252,0.01145,0.69795,0.42405,0.48312,0.34867,1.11235,3.19223,0.01013,0.00064719,0.00064719,0.00064719
5,344.169,1.16964,2.56914,0.00983,0.80282,0.39767,0.57347,0.38464,1.12214,2.93405,0.01013,0.000640587,0.000640587,0.000640587
6,410.445,1.14387,2.2614,0.00941,0.62301,0.7,0.72241,0.46666,1.2469,2.37029,0.01034,0.000633983,0.000633983,0.000633983
7,476.982,1.14466,2.0303,0.00967,0.50399,0.75134,0.74802,0.49791,1.24777,2.07623,0.00954,0.00062738,0.00062738,0.00062738
8,543.149,1.13148,1.81028,0.00901,0.5982,0.788,0.82527,0.53349,1.28553,1.81827,0.01221,0.000620777,0.000620777,0.000620777
9,609.553,1.14166,1.68444,0.00956,0.60425,0.79115,0.84994,0.54756,1.27473,1.63629,0.01104,0.000614174,0.000614174,0.000614174
10,676.245,1.13398,1.56463,0.0095,0.81665,0.70088,0.86609,0.5703,1.18449,1.47414,0.00927,0.00060757,0.00060757,0.00060757
11,742.845,1.07525,1.45143,0.00883,0.63665,0.84405,0.86656,0.57546,1.22693,1.38247,0.01064,0.000600967,0.000600967,0.000600967
12,809.91,1.05202,1.32004,0.00835,0.77883,0.82545,0.90568,0.62601,1.11375,1.27295,0.00927,0.000594364,0.000594364,0.000594364
13,880.332,1.06243,1.24623,0.00848,0.74557,0.86656,0.91058,0.57936,1.23165,1.24632,0.00924,0.00058776,0.00058776,0.00058776
14,956.59,1.088,1.18568,0.00819,0.83467,0.84199,0.91605,0.59408,1.24009,1.11059,0.0089,0.000581157,0.000581157,0.000581157
15,1024.67,1.09612,1.13412,0.00841,0.77307,0.92146,0.94415,0.60612,1.21072,1.07336,0.0082,0.000574554,0.000574554,0.000574554
16,1091.36,1.0572,1.05457,0.00827,0.74313,0.91443,0.93821,0.62639,1.13883,1.05204,0.00917,0.00056795,0.00056795,0.00056795
17,1158.76,1.06529,1.04301,0.00806,0.84488,0.88479,0.96371,0.63775,1.16417,0.92266,0.00805,0.000561347,0.000561347,0.000561347
18,1225.92,1.01532,0.97346,0.00775,0.87582,0.94777,0.96383,0.62132,1.2068,0.89384,0.00822,0.000554744,0.000554744,0.000554744
19,1292.64,1.01937,0.92701,0.00754,0.88149,0.93854,0.95808,0.62189,1.26706,0.87298,0.00859,0.000548141,0.000548141,0.000548141
20,1359.06,1.08402,0.9486,0.00802,0.89756,0.95826,0.97687,0.69713,1.01622,0.76721,0.00771,0.000541537,0.000541537,0.000541537
21,1427.18,1.00789,0.8614,0.00733,0.88776,0.96435,0.97694,0.60468,1.35859,0.80854,0.00907,0.000534934,0.000534934,0.000534934
22,1493.68,0.96881,0.81668,0.00721,0.94461,0.9543,0.98293,0.66879,1.15473,0.73476,0.00792,0.000528331,0.000528331,0.000528331
23,1559.88,0.96332,0.79432,0.00725,0.93614,0.93642,0.97406,0.64605,1.21926,0.72432,0.00867,0.000521727,0.000521727,0.000521727
24,1627.73,0.97755,0.75241,0.00751,0.93316,0.94889,0.98486,0.64463,1.26233,0.76374,0.00802,0.000515124,0.000515124,0.000515124
25,1694.17,0.98113,0.77923,0.00714,0.92442,0.95355,0.98401,0.68759,1.13597,0.69235,0.0079,0.000508521,0.000508521,0.000508521
26,1760.68,0.9594,0.70544,0.00704,0.8887,0.96073,0.9791,0.64754,1.2587,0.69347,0.00836,0.000501917,0.000501917,0.000501917
27,1828.19,0.98209,0.71394,0.00727,0.87298,0.95084,0.98136,0.59953,1.40267,0.75747,0.00875,0.000495314,0.000495314,0.000495314
28,1894.92,0.94738,0.6905,0.00669,0.91688,0.94502,0.98485,0.6733,1.1658,0.67783,0.00755,0.000488711,0.000488711,0.000488711
29,1961.16,0.95442,0.67994,0.00665,0.91721,0.93809,0.98046,0.69397,1.07928,0.70216,0.00716,0.000482108,0.000482108,0.000482108
30,2027.26,0.96346,0.67314,0.00681,0.86213,0.95124,0.97056,0.65736,1.19978,0.69933,0.00778,0.000475504,0.000475504,0.000475504
31,2094.15,0.9681,0.69072,0.00691,0.88314,0.96143,0.97423,0.67932,1.11832,0.63546,0.00796,0.000468901,0.000468901,0.000468901
32,2160.52,0.93639,0.63461,0.00694,0.89264,0.95116,0.97852,0.64947,1.19231,0.65509,0.00771,0.000462298,0.000462298,0.000462298
33,2226.8,0.9136,0.61986,0.0069,0.90637,0.97547,0.97188,0.65574,1.18115,0.66373,0.00825,0.000455694,0.000455694,0.000455694
34,2292.81,0.92504,0.64653,0.00676,0.93272,0.95232,0.98127,0.68434,1.08686,0.64757,0.00718,0.000449091,0.000449091,0.000449091
35,2358.87,0.87359,0.58003,0.00649,0.9488,0.94296,0.98443,0.68573,1.07959,0.65046,0.00722,0.000442488,0.000442488,0.000442488
36,2425.41,0.92224,0.61358,0.00696,0.92708,0.96264,0.9859,0.69351,1.0894,0.6263,0.00803,0.000435884,0.000435884,0.000435884
37,2492.06,0.9622,0.62942,0.00704,0.9418,0.9538,0.99116,0.7313,1.00542,0.56287,0.0073,0.000429281,0.000429281,0.000429281
38,2558.72,0.90454,0.57349,0.0069,0.92115,0.96377,0.9829,0.73108,0.94914,0.55711,0.00688,0.000422678,0.000422678,0.000422678
39,2625.42,0.91473,0.60694,0.00706,0.91298,0.93885,0.98206,0.70849,1.03031,0.59477,0.00754,0.000416075,0.000416075,0.000416075
40,2692.11,0.89432,0.58647,0.00671,0.91798,0.9568,0.98442,0.7156,0.98554,0.59297,0.00714,0.000409471,0.000409471,0.000409471
41,2759.25,0.87111,0.55122,0.00639,0.96278,0.95731,0.99213,0.70992,1.02576,0.58773,0.0073,0.000402868,0.000402868,0.000402868
42,2826.46,0.86777,0.51456,0.00649,0.91351,0.96924,0.98582,0.7295,0.95083,0.60424,0.00712,0.000396265,0.000396265,0.000396265
43,2892.74,0.85911,0.53988,0.00637,0.90771,0.95507,0.98808,0.69976,1.0625,0.62474,0.00792,0.000389661,0.000389661,0.000389661
44,2959.72,0.88574,0.58474,0.00628,0.9184,0.96321,0.9891,0.71609,0.99169,0.58901,0.00731,0.000383058,0.000383058,0.000383058
45,3026.76,0.87945,0.54866,0.00629,0.93069,0.96584,0.98638,0.74351,0.91457,0.55776,0.00679,0.000376455,0.000376455,0.000376455
46,3093.5,0.83642,0.54396,0.00622,0.94506,0.94456,0.98965,0.72193,1.00455,0.53511,0.0071,0.000369851,0.000369851,0.000369851
47,3160.64,0.8796,0.51631,0.00647,0.95665,0.94721,0.98182,0.71468,1.03209,0.52666,0.00784,0.000363248,0.000363248,0.000363248
48,3227.13,0.85631,0.52115,0.00628,0.9401,0.98067,0.98901,0.73881,0.94494,0.49398,0.00664,0.000356645,0.000356645,0.000356645
49,3294.67,0.8309,0.50053,0.00607,0.9423,0.97748,0.98942,0.69782,1.04235,0.56994,0.00716,0.000350042,0.000350042,0.000350042
50,3360.97,0.83018,0.49744,0.00612,0.93725,0.96038,0.98945,0.68357,1.10195,0.59902,0.00774,0.000343438,0.000343438,0.000343438
51,3428.02,0.83034,0.49004,0.00598,0.951,0.90389,0.98392,0.69035,1.08685,0.59867,0.00769,0.000336835,0.000336835,0.000336835
52,3495.09,0.82668,0.47878,0.00606,0.95348,0.92356,0.98629,0.70552,1.02367,0.56853,0.00731,0.000330232,0.000330232,0.000330232
53,3562.09,0.8585,0.52891,0.00604,0.9652,0.95519,0.98901,0.67578,1.12334,0.59327,0.00727,0.000323628,0.000323628,0.000323628
54,3631.3,0.86646,0.51086,0.00626,0.95984,0.95168,0.9904,0.69663,1.06607,0.57448,0.00768,0.000317025,0.000317025,0.000317025
55,3698.68,0.81406,0.47412,0.00592,0.94976,0.94193,0.98941,0.72919,0.97592,0.53458,0.00745,0.000310422,0.000310422,0.000310422
56,3765.26,0.83458,0.49103,0.00592,0.92934,0.97379,0.99101,0.70567,1.04319,0.54246,0.00726,0.000303818,0.000303818,0.000303818
57,3831.81,0.82034,0.46792,0.0058,0.95943,0.95588,0.98802,0.72113,0.99289,0.56997,0.00698,0.000297215,0.000297215,0.000297215
58,3898.07,0.83305,0.46179,0.00585,0.94429,0.93542,0.98198,0.74357,0.91535,0.53174,0.00661,0.000290612,0.000290612,0.000290612
59,3964.66,0.82628,0.48531,0.00591,0.96502,0.9267,0.98916,0.74619,0.9416,0.53747,0.0069,0.000284009,0.000284009,0.000284009
60,4031.89,0.81538,0.48156,0.00588,0.9637,0.93998,0.99116,0.71765,1.00788,0.59154,0.00727,0.000277405,0.000277405,0.000277405
61,4098.94,0.83628,0.50428,0.00583,0.9485,0.93431,0.98665,0.71907,1.01064,0.61563,0.00768,0.000270802,0.000270802,0.000270802
62,4165.84,0.8358,0.47781,0.00622,0.9521,0.93543,0.98494,0.74968,0.9159,0.58185,0.00696,0.000264199,0.000264199,0.000264199
63,4232.33,0.84006,0.47444,0.00576,0.93878,0.9591,0.99041,0.73841,0.94934,0.59753,0.00685,0.000257595,0.000257595,0.000257595
64,4298.59,0.80102,0.47263,0.00564,0.96816,0.96838,0.99184,0.72823,0.98817,0.5953,0.00676,0.000250992,0.000250992,0.000250992
65,4365.16,0.80664,0.46583,0.00566,0.96826,0.97661,0.99432,0.71592,1.04829,0.57536,0.00721,0.000244389,0.000244389,0.000244389
66,4431.52,0.79697,0.42765,0.00559,0.92645,0.9755,0.99238,0.75089,0.92552,0.55831,0.00663,0.000237785,0.000237785,0.000237785
67,4498.22,0.77696,0.43154,0.00555,0.93562,0.958,0.99238,0.76127,0.88826,0.54427,0.0064,0.000231182,0.000231182,0.000231182
68,4565.47,0.79714,0.44897,0.00567,0.93946,0.95508,0.9918,0.74986,0.90324,0.53184,0.00673,0.000224579,0.000224579,0.000224579
69,4631.9,0.79462,0.46626,0.00559,0.94176,0.94749,0.99238,0.721,1.01089,0.55462,0.0069,0.000217976,0.000217976,0.000217976
70,4698.51,0.82838,0.49074,0.00569,0.95619,0.9231,0.99124,0.72348,1.00264,0.56794,0.00693,0.000211372,0.000211372,0.000211372
71,4764.74,0.75733,0.4306,0.00538,0.90897,0.9817,0.98931,0.74576,0.91621,0.52178,0.00644,0.000204769,0.000204769,0.000204769
72,4831.12,0.7499,0.43789,0.00543,0.93943,0.94468,0.98901,0.74401,0.93477,0.49946,0.00679,0.000198166,0.000198166,0.000198166
73,4899.43,0.77553,0.42661,0.0053,0.94597,0.9773,0.99062,0.74263,0.97329,0.48404,0.00693,0.000191562,0.000191562,0.000191562
74,4970.46,0.73968,0.41941,0.00543,0.95433,0.97241,0.99213,0.73894,0.98572,0.47968,0.00678,0.000184959,0.000184959,0.000184959
75,5032.92,0.77124,0.4307,0.00536,0.96331,0.97124,0.993,0.74365,0.96537,0.46219,0.00647,0.000178356,0.000178356,0.000178356
76,5094.28,0.75725,0.40062,0.00536,0.96598,0.95104,0.99149,0.74376,0.98029,0.47313,0.00701,0.000171752,0.000171752,0.000171752
77,5155.63,0.75155,0.41744,0.00542,0.9529,0.95316,0.98852,0.74117,0.96822,0.49047,0.00695,0.000165149,0.000165149,0.000165149
78,5216.96,0.76851,0.42559,0.00539,0.94666,0.97689,0.98661,0.75528,0.93772,0.48782,0.00679,0.000158546,0.000158546,0.000158546
79,5278.16,0.76814,0.42206,0.0057,0.94706,0.97641,0.98951,0.75398,0.94557,0.4669,0.00668,0.000151943,0.000151943,0.000151943
80,5339.1,0.76677,0.41767,0.00572,0.96307,0.96791,0.98901,0.72695,1.01012,0.47145,0.00721,0.000145339,0.000145339,0.000145339
81,5399.7,0.77938,0.41882,0.00571,0.95678,0.96523,0.98951,0.7301,1.00704,0.46467,0.00729,0.000138736,0.000138736,0.000138736
82,5461.11,0.7745,0.43329,0.00544,0.9638,0.97062,0.98897,0.76192,0.92537,0.45481,0.00681,0.000132133,0.000132133,0.000132133
83,5521.95,0.73616,0.40522,0.00531,0.96094,0.96734,0.98721,0.76435,0.89539,0.46153,0.00667,0.000125529,0.000125529,0.000125529
84,5582.9,0.75492,0.40803,0.00549,0.95742,0.97154,0.99281,0.77732,0.87439,0.45355,0.00648,0.000118926,0.000118926,0.000118926
85,5643.64,0.73546,0.40169,0.00502,0.95507,0.97084,0.99349,0.75359,0.92382,0.47689,0.00649,0.000112323,0.000112323,0.000112323
86,5704.16,0.76783,0.44293,0.00524,0.94016,0.98075,0.99017,0.72654,1.01035,0.50758,0.00723,0.00010572,0.00010572,0.00010572
87,5764.75,0.78364,0.4277,0.00555,0.95517,0.96089,0.98909,0.71515,1.04513,0.51273,0.00776,9.91162e-05,9.91162e-05,9.91162e-05
88,5825.73,0.74464,0.39663,0.00549,0.94312,0.95986,0.99019,0.73396,0.98566,0.50323,0.00748,9.25129e-05,9.25129e-05,9.25129e-05
89,5886.83,0.73242,0.40318,0.00505,0.94741,0.93622,0.98995,0.76594,0.9068,0.47642,0.00686,8.59096e-05,8.59096e-05,8.59096e-05
90,5947.32,0.73156,0.39462,0.00534,0.95875,0.9549,0.99364,0.76833,0.87763,0.4559,0.00664,7.93063e-05,7.93063e-05,7.93063e-05
91,6007.97,0.70541,0.33861,0.00603,0.96436,0.95066,0.99432,0.771,0.87256,0.45266,0.00659,7.2703e-05,7.2703e-05,7.2703e-05
92,6067.98,0.70981,0.32784,0.00598,0.96015,0.96314,0.99432,0.77125,0.87221,0.44891,0.0065,6.60997e-05,6.60997e-05,6.60997e-05
93,6127.98,0.65416,0.32505,0.00536,0.97838,0.95127,0.99432,0.76866,0.89083,0.45577,0.00647,5.94964e-05,5.94964e-05,5.94964e-05
94,6187.86,0.63936,0.3077,0.00522,0.97161,0.96178,0.99432,0.751,0.93901,0.47256,0.00667,5.28931e-05,5.28931e-05,5.28931e-05
95,6247.61,0.65533,0.28906,0.00538,0.96667,0.96169,0.99349,0.74014,0.97354,0.48286,0.00685,4.62898e-05,4.62898e-05,4.62898e-05
96,6307.42,0.66055,0.32113,0.00542,0.96901,0.96417,0.99432,0.73547,1.00261,0.48971,0.00699,3.96865e-05,3.96865e-05,3.96865e-05
97,6368.45,0.66238,0.31973,0.00537,0.96493,0.96711,0.99349,0.73235,0.99943,0.48971,0.00694,3.30832e-05,3.30832e-05,3.30832e-05
98,6428.18,0.66839,0.31653,0.00529,0.96287,0.9683,0.99349,0.73532,0.98084,0.48702,0.00683,2.64799e-05,2.64799e-05,2.64799e-05
99,6487.86,0.64246,0.28988,0.00503,0.96279,0.97023,0.99349,0.73904,0.97464,0.48232,0.00681,1.98766e-05,1.98766e-05,1.98766e-05
100,6547.23,0.64429,0.30129,0.00498,0.96569,0.96729,0.99349,0.74377,0.96076,0.4763,0.00673,1.32733e-05,1.32733e-05,1.32733e-05
