epoch,time,train/box_loss,train/cls_loss,train/l1_loss,train/angle_loss,metrics/precision(B),metrics/recall(B),metrics/mAP50(B),metrics/mAP50-95(B),val/box_loss,val/cls_loss,val/l1_loss,val/angle_loss,lr/pg0,lr/pg1,lr/pg2
1,9.60708,2.00013,7.52846,0.04025,0.07262,0.29596,0.41623,0.32597,0.24553,0.99372,6.1822,0.02256,0.00345,0.000215385,0.000215385,0.000215385
2,19.1413,1.00907,3.7997,0.02448,0.01508,0.72164,0.58253,0.69229,0.49967,1.0331,3.73884,0.01911,0.00674,0.000437612,0.000437612,0.000437612
3,27.8413,1.0086,2.82382,0.02317,0.01323,0.81532,0.77389,0.89318,0.662,0.89519,2.96688,0.01907,0.00925,0.000659407,0.000659407,0.000659407
4,37.8491,0.92744,2.18685,0.021,0.0136,0.90767,0.91136,0.96241,0.77595,0.8044,2.04182,0.01836,0.00534,0.000665535,0.000665535,0.000665535
5,48.0129,0.89643,1.77435,0.0217,0.01072,0.96059,0.90843,0.97174,0.78406,0.77528,1.65754,0.01729,0.00252,0.000664397,0.000664397,0.000664397
6,57.231,0.87306,1.51773,0.02168,0.00878,0.92119,0.95911,0.97972,0.82484,0.69166,1.35933,0.01674,0.0043,0.000662935,0.000662935,0.000662935
7,66.2977,0.84256,1.33462,0.01971,0.01016,0.9792,0.95129,0.98818,0.8292,0.71665,1.18126,0.01589,0.00227,0.000661152,0.000661152,0.000661152
8,79.6257,0.84273,1.22624,0.02139,0.01075,0.9753,0.96374,0.98992,0.80626,0.75033,1.06707,0.01556,0.00233,0.000659049,0.000659049,0.000659049
9,90.4183,0.83045,1.11668,0.02101,0.00795,0.96875,0.96989,0.99263,0.81536,0.68984,1.04766,0.01658,0.0059,0.000656627,0.000656627,0.000656627
10,102.604,0.84108,1.06934,0.02178,0.00777,0.97463,0.97517,0.99127,0.8195,0.73016,0.96392,0.01769,0.00252,0.00065389,0.00065389,0.00065389
11,114.599,0.80555,0.99986,0.02242,0.00748,0.95044,0.99161,0.99137,0.8218,0.6588,0.90258,0.01607,0.00172,0.000650841,0.000650841,0.000650841
12,124.278,0.75879,0.92471,0.02107,0.0066,0.98619,0.98164,0.99258,0.84311,0.64943,0.85791,0.01518,0.00265,0.000647481,0.000647481,0.000647481
13,133.925,0.71373,0.8508,0.0198,0.00584,0.98226,0.99196,0.99397,0.85217,0.60099,0.77611,0.01521,0.0023,0.000643815,0.000643815,0.000643815
14,142.468,0.71682,0.8426,0.02015,0.00533,0.98294,0.98729,0.99441,0.85454,0.57989,0.71349,0.01431,0.00125,0.000639845,0.000639845,0.000639845
15,151.921,0.71127,0.80402,0.01917,0.00528,0.98399,0.98847,0.99408,0.86122,0.5988,0.69868,0.01431,0.00123,0.000635577,0.000635577,0.000635577
16,161.798,0.73086,0.77261,0.02079,0.00593,0.98358,0.99004,0.99485,0.85313,0.61269,0.67366,0.01321,0.00149,0.000631014,0.000631014,0.000631014
17,171.674,0.70182,0.71234,0.01781,0.00487,0.98627,0.99359,0.995,0.86297,0.5699,0.62878,0.01304,0.00115,0.000626161,0.000626161,0.000626161
18,181.29,0.72513,0.67759,0.01921,0.00545,0.97999,0.98535,0.99485,0.84648,0.68432,0.62042,0.01371,0.00159,0.000621022,0.000621022,0.000621022
19,190.954,0.79192,0.72087,0.01731,0.0075,0.98832,0.98716,0.995,0.84825,0.6203,0.5888,0.01399,0.00167,0.000615603,0.000615603,0.000615603
20,200.527,0.7174,0.68112,0.02085,0.005,0.98398,0.98524,0.99456,0.85419,0.63651,0.62041,0.01387,0.00159,0.000609908,0.000609908,0.000609908
21,209.018,0.71095,0.66809,0.01619,0.00376,0.99104,0.98602,0.99418,0.86424,0.60587,0.59647,0.01473,0.00108,0.000603944,0.000603944,0.000603944
22,217.572,0.68317,0.62564,0.01649,0.00448,0.98996,0.99617,0.995,0.86165,0.61428,0.54226,0.01369,0.00152,0.000597717,0.000597717,0.000597717
23,226.105,0.66385,0.59495,0.01895,0.00442,0.98761,0.98851,0.99457,0.87115,0.54914,0.50901,0.0139,0.00107,0.000591232,0.000591232,0.000591232
24,234.682,0.66717,0.59273,0.01932,0.0039,0.98626,0.9887,0.99444,0.87044,0.54969,0.4941,0.01299,0.00123,0.000584495,0.000584495,0.000584495
25,243.228,0.65004,0.56872,0.01875,0.00441,0.98462,0.98847,0.99366,0.87481,0.54006,0.48827,0.01321,0.00139,0.000577515,0.000577515,0.000577515
26,251.958,0.64653,0.58284,0.01952,0.00369,0.98244,0.98722,0.99388,0.87295,0.56837,0.49407,0.01379,0.00114,0.000570297,0.000570297,0.000570297
27,260.642,0.68122,0.57465,0.0219,0.00451,0.98608,0.97862,0.99455,0.86345,0.59945,0.45331,0.01364,0.00195,0.000562848,0.000562848,0.000562848
28,269.39,0.66319,0.56218,0.01958,0.00423,0.98973,0.98247,0.99456,0.86671,0.59112,0.46035,0.01348,0.0012,0.000555177,0.000555177,0.000555177
29,278.122,0.62561,0.51791,0.01895,0.00368,0.98215,0.98881,0.99384,0.86737,0.56234,0.46378,0.01387,0.00122,0.00054729,0.00054729,0.00054729
30,287.005,0.61203,0.51682,0.01993,0.00376,0.97813,0.9949,0.99451,0.87301,0.52929,0.4173,0.01289,0.00092,0.000539195,0.000539195,0.000539195
31,295.56,0.62207,0.49898,0.01517,0.00399,0.97989,0.98876,0.99436,0.87761,0.53871,0.43312,0.01324,0.00107,0.000530901,0.000530901,0.000530901
32,304.168,0.64986,0.53091,0.01752,0.0042,0.98197,0.98435,0.99423,0.86411,0.59083,0.4001,0.01272,0.00133,0.000522415,0.000522415,0.000522415
33,313.2,0.64957,0.51608,0.01881,0.0043,0.98357,0.98663,0.99457,0.86602,0.57126,0.46379,0.01285,0.00131,0.000513746,0.000513746,0.000513746
34,322.149,0.65455,0.53007,0.01905,0.00339,0.9901,0.98996,0.99485,0.86776,0.5503,0.43082,0.01305,0.00098,0.000504903,0.000504903,0.000504903
35,330.817,0.60995,0.4706,0.01691,0.00325,0.9886,0.98689,0.9947,0.87471,0.52446,0.399,0.01278,0.00116,0.000495893,0.000495893,0.000495893
36,339.461,0.60215,0.47606,0.01835,0.00402,0.98597,0.98907,0.9947,0.87371,0.53351,0.39772,0.01261,0.00118,0.000486727,0.000486727,0.000486727
37,348.231,0.62467,0.4869,0.02126,0.00431,0.98757,0.98942,0.99485,0.8746,0.52844,0.39089,0.01289,0.00121,0.000477412,0.000477412,0.000477412
38,357.073,0.59451,0.46496,0.01989,0.00312,0.9921,0.98702,0.99485,0.87105,0.55851,0.42938,0.01356,0.00109,0.000467959,0.000467959,0.000467959
39,365.619,0.60293,0.47159,0.0172,0.00329,0.9927,0.98702,0.99485,0.87123,0.55657,0.39986,0.01345,0.001,0.000458377,0.000458377,0.000458377
40,374.361,0.59939,0.47316,0.01743,0.00278,0.9913,0.98769,0.9947,0.86653,0.55599,0.3693,0.01303,0.00111,0.000448674,0.000448674,0.000448674
41,382.964,0.5917,0.4513,0.01846,0.00307,0.9942,0.98962,0.99485,0.87654,0.53552,0.39133,0.01269,0.00123,0.000438862,0.000438862,0.000438862
42,391.624,0.60751,0.45894,0.01942,0.00312,0.98772,0.99058,0.99485,0.87162,0.58066,0.39238,0.01343,0.0014,0.000428948,0.000428948,0.000428948
43,400.363,0.58897,0.43775,0.01718,0.00319,0.98691,0.99536,0.995,0.87275,0.53735,0.36038,0.01325,0.00157,0.000418944,0.000418944,0.000418944
44,409.344,0.58997,0.42465,0.01983,0.00305,0.99225,0.98855,0.995,0.87332,0.58135,0.36519,0.01291,0.00116,0.000408858,0.000408858,0.000408858
45,417.959,0.59436,0.42137,0.01987,0.00272,0.98901,0.99514,0.99485,0.87473,0.55453,0.37365,0.0134,0.00116,0.000398702,0.000398702,0.000398702
46,426.547,0.60061,0.42257,0.0208,0.00288,0.99212,0.99122,0.9947,0.86991,0.55497,0.35262,0.01355,0.00107,0.000388484,0.000388484,0.000388484
47,435.01,0.57875,0.40399,0.01636,0.00262,0.98743,0.99216,0.99485,0.87683,0.55994,0.38079,0.01298,0.00146,0.000378216,0.000378216,0.000378216
48,443.688,0.59672,0.42785,0.01703,0.00307,0.99082,0.99141,0.99485,0.87644,0.53544,0.34808,0.01287,0.00107,0.000367906,0.000367906,0.000367906
49,455.116,0.58624,0.42925,0.01928,0.00301,0.98842,0.99238,0.99485,0.87182,0.54952,0.33908,0.01219,0.00104,0.000357566,0.000357566,0.000357566
50,466.228,0.55267,0.40021,0.01714,0.00266,0.9886,0.99253,0.99485,0.88529,0.50501,0.32314,0.01227,0.00093,0.000347206,0.000347206,0.000347206
51,482.699,0.56654,0.39325,0.01696,0.00295,0.9912,0.98799,0.99485,0.88644,0.49996,0.33311,0.01214,0.00087,0.000336835,0.000336835,0.000336835
52,498.423,0.55517,0.39689,0.01708,0.00256,0.99019,0.98803,0.99485,0.8847,0.49553,0.35692,0.01234,0.00094,0.000326464,0.000326464,0.000326464
53,506.635,0.53672,0.38407,0.01601,0.00219,0.98914,0.9946,0.99485,0.87692,0.51633,0.35783,0.01269,0.001,0.000316104,0.000316104,0.000316104
54,515.32,0.54456,0.38304,0.01674,0.00224,0.98965,0.99298,0.99485,0.87798,0.51824,0.36251,0.01286,0.00105,0.000305764,0.000305764,0.000305764
55,523.933,0.54045,0.37908,0.0163,0.00214,0.9834,0.99699,0.995,0.8789,0.52961,0.34423,0.01223,0.0011,0.000295454,0.000295454,0.000295454
56,532.443,0.55969,0.39134,0.01632,0.00205,0.98983,0.9934,0.99485,0.88028,0.51186,0.32836,0.01255,0.00114,0.000285186,0.000285186,0.000285186
57,541.112,0.54684,0.38502,0.01713,0.00206,0.98868,0.99098,0.99485,0.87901,0.52754,0.34097,0.01264,0.00128,0.000274968,0.000274968,0.000274968
58,549.675,0.53763,0.37022,0.01733,0.00233,0.99231,0.98957,0.99485,0.88224,0.51567,0.34624,0.0126,0.00103,0.000264812,0.000264812,0.000264812
59,558.382,0.51769,0.36847,0.01864,0.00211,0.99243,0.98931,0.9947,0.87518,0.51083,0.33301,0.01227,0.00109,0.000254726,0.000254726,0.000254726
60,566.972,0.53272,0.3903,0.0182,0.00205,0.99305,0.9912,0.99485,0.88092,0.50125,0.30782,0.0123,0.00089,0.000244722,0.000244722,0.000244722
61,575.499,0.52999,0.36087,0.01712,0.00222,0.98954,0.9933,0.99485,0.88124,0.52608,0.32458,0.0125,0.00106,0.000234808,0.000234808,0.000234808
62,584.221,0.52534,0.38539,0.01753,0.00224,0.98674,0.992,0.99485,0.87836,0.5165,0.3544,0.0124,0.00101,0.000224996,0.000224996,0.000224996
63,592.848,0.5134,0.35619,0.01733,0.00192,0.98937,0.99103,0.99485,0.87802,0.50522,0.33296,0.01236,0.00105,0.000215293,0.000215293,0.000215293
64,601.776,0.52065,0.36133,0.01923,0.00205,0.98937,0.99388,0.99485,0.88138,0.52046,0.33039,0.01267,0.00093,0.000205711,0.000205711,0.000205711
65,610.371,0.52954,0.36273,0.01877,0.0019,0.9893,0.99305,0.99485,0.88124,0.5094,0.32546,0.01268,0.00083,0.000196258,0.000196258,0.000196258
66,619.34,0.53301,0.37162,0.01707,0.00213,0.98927,0.99023,0.99485,0.88271,0.50322,0.31314,0.0123,0.00084,0.000186943,0.000186943,0.000186943
67,627.903,0.52851,0.37058,0.01819,0.00211,0.988,0.99651,0.995,0.8815,0.49614,0.31726,0.01244,0.0008,0.000177777,0.000177777,0.000177777
68,636.491,0.5157,0.34944,0.01607,0.00201,0.99086,0.99169,0.99485,0.88159,0.49359,0.32126,0.01233,0.00091,0.000168767,0.000168767,0.000168767
69,645.162,0.50986,0.34901,0.02002,0.00199,0.99456,0.99023,0.99485,0.88489,0.49669,0.31878,0.01231,0.00084,0.000159924,0.000159924,0.000159924
70,654.087,0.50868,0.35042,0.01609,0.002,0.99316,0.99162,0.99485,0.88855,0.48799,0.31664,0.01212,0.00084,0.000151255,0.000151255,0.000151255
71,662.759,0.50081,0.35205,0.01785,0.00179,0.99384,0.99019,0.99485,0.88509,0.48774,0.31202,0.01203,0.00086,0.000142769,0.000142769,0.000142769
72,671.522,0.49981,0.35556,0.01948,0.00166,0.99338,0.98996,0.99485,0.885,0.4997,0.31414,0.01237,0.00087,0.000134475,0.000134475,0.000134475
73,680.195,0.49102,0.34939,0.02011,0.0018,0.99252,0.98943,0.99485,0.88548,0.4884,0.31997,0.01214,0.00086,0.00012638,0.00012638,0.00012638
74,688.688,0.48647,0.34101,0.01757,0.00187,0.99426,0.98951,0.99485,0.88769,0.49786,0.3156,0.01239,0.00093,0.000118493,0.000118493,0.000118493
75,697.581,0.48776,0.33302,0.01572,0.00164,0.99377,0.9893,0.99485,0.88476,0.49128,0.30947,0.01228,0.00102,0.000110822,0.000110822,0.000110822
76,706.315,0.49246,0.35312,0.01937,0.00179,0.99362,0.98916,0.99485,0.88142,0.5035,0.3117,0.01224,0.00101,0.000103373,0.000103373,0.000103373
77,715.266,0.48949,0.34616,0.01656,0.00162,0.99386,0.98959,0.99485,0.87818,0.50943,0.31332,0.01242,0.00088,9.61551e-05,9.61551e-05,9.61551e-05
78,723.859,0.4838,0.32936,0.01882,0.00168,0.99213,0.99043,0.99485,0.88391,0.49669,0.31512,0.01218,0.00087,8.91746e-05,8.91746e-05,8.91746e-05
79,732.639,0.47226,0.33241,0.01612,0.00164,0.9929,0.99024,0.99485,0.88758,0.49585,0.31704,0.01215,0.00089,8.24385e-05,8.24385e-05,8.24385e-05
80,741.23,0.48144,0.33565,0.01688,0.00159,0.99353,0.99053,0.99485,0.88769,0.49851,0.3112,0.01213,0.00089,7.59535e-05,7.59535e-05,7.59535e-05
81,750.106,0.48027,0.34082,0.0163,0.00151,0.99317,0.99166,0.99485,0.88609,0.49509,0.32151,0.01217,0.0009,6.97259e-05,6.97259e-05,6.97259e-05
82,758.954,0.47984,0.34845,0.01721,0.00172,0.99417,0.99261,0.99485,0.88125,0.50549,0.31863,0.01226,0.0009,6.37619e-05,6.37619e-05,6.37619e-05
83,767.977,0.47882,0.34506,0.01727,0.00177,0.99385,0.99242,0.99485,0.88058,0.50581,0.31691,0.01238,0.00088,5.80675e-05,5.80675e-05,5.80675e-05
84,776.815,0.47583,0.33461,0.01565,0.00209,0.99117,0.98933,0.9947,0.88616,0.48984,0.32037,0.01216,0.00087,5.26481e-05,5.26481e-05,5.26481e-05
85,785.552,0.46631,0.32445,0.01678,0.00214,0.99268,0.9924,0.99485,0.88763,0.48811,0.32057,0.01203,0.00087,4.75092e-05,4.75092e-05,4.75092e-05
86,794.511,0.46591,0.32496,0.01686,0.00156,0.99253,0.98945,0.9947,0.88624,0.48756,0.32154,0.01193,0.00087,4.26558e-05,4.26558e-05,4.26558e-05
87,803.196,0.47827,0.32674,0.01703,0.00176,0.99309,0.99237,0.99485,0.88612,0.4889,0.3184,0.01193,0.00085,3.80928e-05,3.80928e-05,3.80928e-05
88,812.045,0.46893,0.33324,0.0187,0.00181,0.99298,0.99258,0.99485,0.88609,0.4986,0.31301,0.01205,0.00086,3.38245e-05,3.38245e-05,3.38245e-05
89,820.663,0.47461,0.33233,0.01791,0.00164,0.99235,0.99229,0.99485,0.88646,0.50115,0.31358,0.01218,0.00088,2.98553e-05,2.98553e-05,2.98553e-05
90,829.36,0.4785,0.33623,0.01585,0.00193,0.99156,0.99279,0.99485,0.88508,0.49655,0.31431,0.01222,0.00088,2.61891e-05,2.61891e-05,2.61891e-05
91,854.062,0.40279,0.26948,0.01513,0.00074,0.99298,0.99331,0.99485,0.88693,0.4877,0.32065,0.01217,0.00086,2.28294e-05,2.28294e-05,2.28294e-05
92,862.493,0.40415,0.27047,0.01626,0.00088,0.99318,0.99292,0.99485,0.88649,0.48919,0.3189,0.01214,0.00086,1.97796e-05,1.97796e-05,1.97796e-05
93,870.857,0.39179,0.256,0.01517,0.00071,0.99227,0.99233,0.99485,0.88601,0.49422,0.31506,0.0122,0.00087,1.70427e-05,1.70427e-05,1.70427e-05
94,879.362,0.39825,0.26237,0.0153,0.00074,0.99224,0.99194,0.99485,0.88547,0.49472,0.3149,0.01222,0.00088,1.46214e-05,1.46214e-05,1.46214e-05
95,887.814,0.3958,0.25881,0.01636,0.00072,0.99205,0.99149,0.99485,0.88299,0.4947,0.3159,0.01228,0.00089,1.25181e-05,1.25181e-05,1.25181e-05
